{
	"info": {
		"_postman_id": "aadc18b2-d744-437e-9ad6-c88ded6e5267",
		"name": "User",
		"schema": "https://schema.getpostman.com/json/collection/v2.1.0/collection.json"
	},
	"item": [
		{
			"name": "User: Get All Users",
			"request": {
				"method": "GET",
				"header": [],
				"url": {
					"raw": "{{HOST}}:{{PORT}}/api",
					"host": [
						"{{HOST}}"
					],
					"port": "{{PORT}}",
					"path": [
						"api"
					]
				}
			},
			"response": []
		},
		{
			"name": "User: New User",
			"request": {
				"method": "POST",
				"header": [
					{
						"key": "Content-Type",
						"value": "application/json",
						"type": "text"
					}
				],
				"body": {
					"mode": "raw",
					"raw": "{\n    \"firstName\": \"\",\n    \"lastName\": \"\",\n    \"age\": 0\n}"
				},
				"url": {
					"raw": "{{HOST}}:{{PORT}}/api/new",
					"host": [
						"{{HOST}}"
					],
					"port": "{{PORT}}",
					"path": [
						"api",
						"new"
					]
				}
			},
			"response": []
		},
		{
			"name": "User: Edit User",
			"request": {
				"method": "PUT",
				"header": [
					{
						"key": "Content-Type",
						"value": "application/json",
						"type": "text"
					}
				],
				"body": {
					"mode": "raw",
					"raw": "{\n    \"firstName\": \"\",\n    \"lastName\": \"\",\n    \"age\": 0\n}"
				},
				"url": {
					"raw": "{{HOST}}:{{PORT}}/api/{{userId}}",
					"host": [
						"{{HOST}}"
					],
					"port": "{{PORT}}",
					"path": [
						"api",
						"{{userId}}"
					]
				}
			},
			"response": []
		},
		{
			"name": "User: Delete User",
			"request": {
				"method": "DELETE",
				"header": [],
				"url": {
					"raw": "{{HOST}}:{{PORT}}/api/{{userId}}",
					"host": [
						"{{HOST}}"
					],
					"port": "{{PORT}}",
					"path": [
						"api",
						"{{userId}}"
					]
				}
			},
			"response": []
		}
	]
}